ID,classes,real_label,Resistance_Probability,Resistance_Prediction,Remove_Probability,Remove_Prediction,Mechanism_Other_Probability,Mechanism_Other_Prediction,Mechanism_antibiotic efflux_Probability,Mechanism_antibiotic efflux_Prediction,Mechanism_antibiotic inactivation_Probability,Mechanism_antibiotic inactivation_Prediction,Mechanism_antibiotic target alteration_Probability,Mechanism_antibiotic target alteration_Prediction,Mechanism_antibiotic target protection_Probability,Mechanism_antibiotic target protection_Prediction,Mechanism_antibiotic target replacement_Probability,Mechanism_antibiotic target replacement_Prediction,Antibiotic_Other_Probability,Antibiotic_Other_Prediction,Antibiotic_aminoglycoside_Probability,Antibiotic_aminoglycoside_Prediction,Antibiotic_bacitracin_Probability,Antibiotic_bacitracin_Prediction,Antibiotic_beta_lactam_Probability,Antibiotic_beta_lactam_Prediction,Antibiotic_chloramphenicol_Probability,Antibiotic_chloramphenicol_Prediction,Antibiotic_fosfomycin_Probability,Antibiotic_fosfomycin_Prediction,Antibiotic_glycopeptide_Probability,Antibiotic_glycopeptide_Prediction,Antibiotic_macrolide_lincosamide_streptogramin_Probability,Antibiotic_macrolide_lincosamide_streptogramin_Prediction,Antibiotic_multidrug_Probability,Antibiotic_multidrug_Prediction,Antibiotic_peptide_Probability,Antibiotic_peptide_Prediction,Antibiotic_polymyxin_Probability,Antibiotic_polymyxin_Prediction,Antibiotic_quinolone_Probability,Antibiotic_quinolone_Prediction,Antibiotic_rifampin_Probability,Antibiotic_rifampin_Prediction,Antibiotic_sulfonamide_Probability,Antibiotic_sulfonamide_Prediction,Antibiotic_tetracycline_Probability,Antibiotic_tetracycline_Prediction,Antibiotic_trimethoprim_Probability,Antibiotic_trimethoprim_Prediction
c0,,0,0.20736654102802277,0,0.9378974437713623,1,0.024468653,0,0.0356057,0,0.0145286,0,0.20718513,0,0.99978083,1,0.0061078505,0,0.12462776,0,0.041122653,0,0.025279004,0,0.028095528,0,0.03189348,0,0.02087941,0,0.07563662,0,0.038256425,0,0.0333977,0,0.06086816,0,0.02707086,0,0.09152909,0,0.06874064,0,0.027579514,0,0.99985063,1,0.027507886,0
c1,,0,0.9682071805000305,1,0.7800062298774719,1,0.021502877,0,0.007214933,0,0.2467823,0,0.10471569,0,0.9955641,1,0.006358857,0,0.039198987,0,0.03391046,0,0.033895813,0,0.017045636,0,0.09756955,0,0.019819733,0,0.027396774,0,0.089676954,0,0.018474923,0,0.026870651,0,0.018369978,0,0.012196965,0,0.14087372,0,0.011410618,0,0.9981596,1,0.012347976,0
c2,,0,0.9999545812606812,1,0.9942091703414917,1,0.046230875,0,0.021079684,0,0.0498393,0,0.019655334,0,0.99994457,1,0.018731114,0,0.11179519,0,0.05878629,0,0.068726696,0,0.041068487,0,0.06142771,0,0.040475167,0,0.034515284,0,0.016953833,0,0.026630934,0,0.07542008,0,0.056857623,0,0.047056608,0,0.027015084,0,0.01805692,0,0.99991274,1,0.040750686,0
c3,,0,0.9999545812606812,1,0.9775629043579102,1,0.044255953,0,0.02475831,0,0.064173415,0,0.027156958,0,0.99993753,1,0.01100788,0,0.03301957,0,0.07260182,0,0.055011287,0,0.034768824,0,0.0654166,0,0.02793695,0,0.042511873,0,0.026695538,0,0.03440372,0,0.04238686,0,0.0664485,0,0.03805597,0,0.034221645,0,0.024508713,0,0.9999064,1,0.044009343,0
c4,,0,0.9998981952667236,1,0.9922605156898499,1,0.07876599,0,0.018637428,0,0.04429015,0,0.015715705,0,0.99995136,1,0.023000134,0,0.09994414,0,0.058079757,0,0.074301526,0,0.039619066,0,0.06720297,0,0.050502084,0,0.02946324,0,0.016988741,0,0.040658846,0,0.0819922,0,0.050108243,0,0.03366051,0,0.023148272,0,0.021001125,0,0.9999045,1,0.052784078,0
c5,,0,0.19918958842754364,0,0.42411911487579346,0,0.0331312,0,0.013360226,0,0.06289573,0,0.8772219,1,0.7399482,1,0.0045305425,0,0.3340337,0,0.053727288,0,0.026915189,0,0.018147472,0,0.04024668,0,0.0026294994,0,0.34420693,0,0.038001496,0,0.047089525,0,0.014743138,0,0.003137082,0,0.014459881,0,0.31455454,0,0.0392896,0,0.38461068,0,0.016702699,0
c6,,0,0.9999545812606812,1,0.9964961409568787,1,0.062718816,0,0.018939381,0,0.054628424,0,0.016299976,0,0.9999379,1,0.018176567,0,0.09029813,0,0.051658943,0,0.064957805,0,0.044684812,0,0.06236931,0,0.044468183,0,0.03323262,0,0.022591075,0,0.031835753,0,0.058932886,0,0.06449677,0,0.03574923,0,0.04169948,0,0.02294606,0,0.9999268,1,0.052554157,0
c7,,0,0.9999545812606812,1,0.9814062118530273,1,0.055597026,0,0.036000688,0,0.03429702,0,0.02814728,0,0.9999546,1,0.012631739,0,0.029341578,0,0.060165256,0,0.056557417,0,0.037295125,0,0.060621325,0,0.03235982,0,0.05177713,0,0.031596728,0,0.042872444,0,0.044431053,0,0.07134828,0,0.027168749,0,0.03618224,0,0.025716843,0,0.99990165,1,0.048477363,0
c8,,0,0.9999545812606812,1,0.978448748588562,1,0.049573068,0,0.031393543,0,0.036691226,0,0.018261684,0,0.99995244,1,0.014716162,0,0.034872305,0,0.06511205,0,0.05183015,0,0.047769535,0,0.049323168,0,0.03223571,0,0.035453618,0,0.031778228,0,0.044483762,0,0.054847836,0,0.07055975,0,0.029888334,0,0.044726405,0,0.025198009,0,0.9999188,1,0.051908556,0
c9,,0,0.9999545812606812,1,0.9913026094436646,1,0.044363637,0,0.03421799,0,0.043924708,0,0.016994014,0,0.9999511,1,0.01721748,0,0.073659934,0,0.06361194,0,0.053948257,0,0.043336537,0,0.03397969,0,0.054663602,0,0.033078063,0,0.021927025,0,0.028390618,0,0.050428372,0,0.052418385,0,0.043262567,0,0.030340204,0,0.018311042,0,0.9999163,1,0.055902213,0
c10,,0,0.9999545812606812,1,0.9709311127662659,1,0.0647382,0,0.02863694,0,0.033411626,0,0.022838425,0,0.9999546,1,0.016625749,0,0.029083747,0,0.06574471,0,0.04360754,0,0.034227084,0,0.053265236,0,0.025623228,0,0.061043218,0,0.038343627,0,0.044412903,0,0.043179236,0,0.061673794,0,0.038133524,0,0.036918383,0,0.021694459,0,0.99990654,1,0.04743255,0
c11,,0,0.9999545812606812,1,0.9821144938468933,1,0.052591566,0,0.035728112,0,0.03487176,0,0.02305318,0,0.9999546,1,0.015657682,0,0.034282815,0,0.052288037,0,0.058298,0,0.047888145,0,0.054763567,0,0.037020937,0,0.032100055,0,0.0402913,0,0.041714035,0,0.044899784,0,0.06566746,0,0.030735616,0,0.04233216,0,0.030327301,0,0.9999199,1,0.04962939,0
c12,,0,0.9999545812606812,1,0.9653279185295105,1,0.04317771,0,0.03114773,0,0.025427332,0,0.042013604,0,0.99994457,1,0.013938255,0,0.034135688,0,0.0513002,0,0.05544847,0,0.04249667,0,0.053000502,0,0.03200649,0,0.03221073,0,0.032353386,0,0.033314575,0,0.03962118,0,0.070414715,0,0.027330596,0,0.046776045,0,0.032424722,0,0.9999087,1,0.039565347,0
c13,,0,0.9999545812606812,1,0.996661901473999,1,0.052662753,0,0.018725531,0,0.04400256,0,0.027045133,0,0.9999546,1,0.015856951,0,0.033024177,0,0.06404633,0,0.057737865,0,0.041976023,0,0.06051184,0,0.040427316,0,0.05058343,0,0.037012666,0,0.031643324,0,0.050558235,0,0.07383951,0,0.029147381,0,0.047567625,0,0.021543318,0,0.9999281,1,0.059839025,0
c14,,0,0.9999545812606812,1,0.9586752653121948,1,0.05120695,0,0.02243778,0,0.035489205,0,0.035628717,0,0.999948,1,0.013124322,0,0.031573854,0,0.05946957,0,0.050075606,0,0.03591308,0,0.053160198,0,0.032512337,0,0.05347045,0,0.034175716,0,0.03322809,0,0.043597843,0,0.06640072,0,0.027926456,0,0.03520925,0,0.0276517,0,0.9999083,1,0.04427423,0
c15,,0,0.9999545812606812,1,0.9349860548973083,1,0.04343468,0,0.031715572,0,0.023137374,0,0.046896435,0,0.999943,1,0.012854269,0,0.03036912,0,0.069762334,0,0.05923576,0,0.036020137,0,0.043325484,0,0.03326703,0,0.054766238,0,0.030966014,0,0.038975373,0,0.042330187,0,0.071045354,0,0.028107855,0,0.03653354,0,0.027290476,0,0.99991214,1,0.051267337,0
c16,,0,0.9999545812606812,1,0.9997616410255432,1,0.04448963,0,0.012850996,0,0.9999546,1,0.023686063,0,0.022545831,0,0.014817344,0,0.02909525,0,0.031960893,0,0.028396651,0,0.9999546,1,0.027683763,0,0.024878822,0,0.026515221,0,0.02686296,0,0.02328167,0,0.044809017,0,0.04296338,0,0.06765674,0,0.025977708,0,0.03375257,0,0.02216419,0,0.017827446,0
c17,,0,0.9999545812606812,1,0.9965684413909912,1,0.0741337,0,0.9999546,1,0.033423938,0,0.019623715,0,0.016510468,0,0.04670997,0,0.044687223,0,0.13609974,0,0.04732504,0,0.05186257,0,0.09650197,0,0.037956398,0,0.03690721,0,0.041657202,0,0.045672845,0,0.03442227,0,0.119105145,0,0.018123303,0,0.017158076,0,0.039117265,0,0.9998491,1,0.059200227,0
c18,,0,0.9999545812606812,1,0.9997617602348328,1,0.043135453,0,0.010688886,0,0.9999546,1,0.044161193,0,0.024661966,0,0.015373653,0,0.04324011,0,0.016637214,0,0.044326164,0,0.9999546,1,0.034193125,0,0.018957393,0,0.033924334,0,0.020895232,0,0.025341127,0,0.031978965,0,0.055455424,0,0.033766635,0,0.024754293,0,0.029853055,0,0.03139911,0,0.022597687,0
c19,,0,0.9999545812606812,1,0.9973652958869934,1,0.05416425,0,0.99993134,1,0.04523533,0,0.024574453,0,0.026025208,0,0.047841556,0,0.034949914,0,0.06632782,0,0.08808164,0,0.08171961,0,0.14299193,0,0.085641496,0,0.047527846,0,0.076256715,0,0.015980268,0,0.04492343,0,0.055626053,0,0.023298299,0,0.0750828,0,0.049433537,0,0.9999112,1,0.076911435,0
c20,,0,0.9999545812606812,1,0.9997853636741638,1,0.04086007,0,0.010410215,0,0.9999546,1,0.027809193,0,0.023403537,0,0.017653508,0,0.031193448,0,0.026071494,0,0.032725018,0,0.9999546,1,0.026792932,0,0.025541343,0,0.023461532,0,0.028687553,0,0.019287087,0,0.03985309,0,0.04145744,0,0.061755963,0,0.021639725,0,0.030297386,0,0.023647683,0,0.022774443,0
c21,,0,0.9999545812606812,1,0.9997976422309875,1,0.050873313,0,0.008115556,0,0.9999546,1,0.025967928,0,0.039605815,0,0.022643236,0,0.034817677,0,0.024940416,0,0.02875646,0,0.9999546,1,0.03953684,0,0.026447168,0,0.014049789,0,0.017552633,0,0.025978198,0,0.04254864,0,0.058566067,0,0.037852637,0,0.029773466,0,0.024587927,0,0.03046162,0,0.021141417,0
c22,,0,0.9999545812606812,1,0.9998249411582947,1,0.038095854,0,0.0092584165,0,0.9999546,1,0.025820835,0,0.017066032,0,0.035295483,0,0.03550829,0,0.027961144,0,0.03941681,0,0.9999546,1,0.03426069,0,0.028210305,0,0.016674312,0,0.020811558,0,0.0361183,0,0.03893933,0,0.037674006,0,0.0542708,0,0.02316379,0,0.031758923,0,0.030883852,0,0.025040686,0
c23,,0,0.9999545812606812,1,0.9969661831855774,1,0.04484352,0,0.9999546,1,0.049447253,0,0.027165761,0,0.016713109,0,0.033678506,0,0.055282395,0,0.07310247,0,0.049862206,0,0.05519531,0,0.112949334,0,0.043785095,0,0.037557118,0,0.06511104,0,0.009648713,0,0.039843418,0,0.062466208,0,0.019642541,0,0.024544626,0,0.081737004,0,0.9998549,1,0.026603911,0
c24,,0,0.9999545812606812,1,0.822009265422821,1,0.04052433,0,0.016001405,0,0.9999546,1,0.022121094,0,0.037234847,0,0.014558314,0,0.027726956,0,0.026141847,0,0.039681956,0,0.9999546,1,0.036598586,0,0.02847699,0,0.021105845,0,0.03156458,0,0.02243254,0,0.057685677,0,0.04579746,0,0.03161729,0,0.018194057,0,0.026702961,0,0.03023827,0,0.01815938,0
c25,,0,0.9999545812606812,1,0.9997120499610901,1,0.043139685,0,0.9999546,1,0.026283829,0,0.05011788,0,0.024556587,0,0.032360297,0,0.08092188,0,0.051024694,0,0.054323398,0,0.053866226,0,0.08275685,0,0.05327186,0,0.08737006,0,0.04908661,0,0.010724553,0,0.045188807,0,0.069566846,0,0.038388737,0,0.032105826,0,0.060905132,0,0.999923,1,0.0532902,0
c26,,0,0.9999545812606812,1,0.9997753500938416,1,0.04544488,0,0.015387584,0,0.9999546,1,0.03128957,0,0.018958444,0,0.013766647,0,0.033587154,0,0.020917345,0,0.041544195,0,0.9999546,1,0.03550487,0,0.028509205,0,0.01802604,0,0.028241964,0,0.026937447,0,0.040966943,0,0.048062738,0,0.061958324,0,0.015988076,0,0.02271648,0,0.023378674,0,0.023713352,0
c27,,0,0.9999545812606812,1,0.9997517466545105,1,0.046219952,0,0.011452147,0,0.9999546,1,0.033119462,0,0.031412724,0,0.015176715,0,0.032673225,0,0.018461538,0,0.038852066,0,0.9999546,1,0.038235266,0,0.021972245,0,0.031725857,0,0.024545522,0,0.021254735,0,0.034444857,0,0.046920132,0,0.035060402,0,0.023456983,0,0.029110938,0,0.030421803,0,0.020410022,0
c28,,0,0.9999545812606812,1,0.9997484087944031,1,0.041762188,0,0.012628926,0,0.9999546,1,0.03732079,0,0.028233511,0,0.0144130085,0,0.0407239,0,0.01798604,0,0.0400028,0,0.9999546,1,0.03132236,0,0.024423603,0,0.0265299,0,0.026270714,0,0.022962907,0,0.03829175,0,0.054740347,0,0.032368198,0,0.023006782,0,0.031436358,0,0.030253775,0,0.019131497,0
c29,,0,0.9999545812606812,1,0.9995007514953613,1,0.04969463,0,0.012949525,0,0.9999546,1,0.02230107,0,0.030711148,0,0.020401658,0,0.03900178,0,0.03418302,0,0.03701628,0,0.9999546,1,0.037904337,0,0.025548132,0,0.0115627535,0,0.031934164,0,0.030722259,0,0.03940931,0,0.044172477,0,0.046802457,0,0.022450443,0,0.026598096,0,0.0330402,0,0.019628134,0
c30,,0,0.9999545812606812,1,0.9997815489768982,1,0.03322516,0,0.010199534,0,0.9999546,1,0.04399217,0,0.03071971,0,0.014311251,0,0.016772347,0,0.0272935,0,0.019978635,0,0.9999546,1,0.041792944,0,0.016271194,0,0.052648127,0,0.045476448,0,0.019229915,0,0.023155492,0,0.03984617,0,0.042229082,0,0.01610889,0,0.019257508,0,0.027665881,0,0.015488176,0
c31,,0,0.9999545812606812,1,0.99968421459198,1,0.04840486,0,0.011323679,0,0.9999546,1,0.03661894,0,0.027875574,0,0.013188143,0,0.04010207,0,0.01899226,0,0.042826507,0,0.9999546,1,0.033383407,0,0.026275259,0,0.032507807,0,0.028652886,0,0.021627044,0,0.03775875,0,0.047427963,0,0.03178789,0,0.02252245,0,0.031823922,0,0.030711778,0,0.018100526,0
c32,,0,0.9999545812606812,1,0.9997615218162537,1,0.04497889,0,0.0149477525,0,0.9999546,1,0.049084574,0,0.040725205,0,0.031430922,0,0.050437197,0,0.06534867,0,0.052248023,0,0.03466984,0,0.037273034,0,0.04114858,0,0.0556743,0,0.0277298,0,0.02881992,0,0.054603767,0,0.055270277,0,0.03478656,0,0.026009388,0,0.026180573,0,0.9998703,1,0.05392961,0
c33,,0,0.9999545812606812,1,0.9998586177825928,1,0.042677086,0,0.0067795916,0,0.9999546,1,0.06384998,0,0.022882462,0,0.02579274,0,0.04522646,0,0.9998005,1,0.024511104,0,0.0536589,0,0.030067217,0,0.030421626,0,0.07309051,0,0.014036848,0,0.013307066,0,0.031059196,0,0.019577332,0,0.053273406,0,0.024771785,0,0.027396081,0,0.016736023,0,0.021015499,0
c34,,0,0.9999545812606812,1,0.9998000264167786,1,0.030209724,0,0.003522354,0,0.9999546,1,0.08801194,0,0.020803265,0,0.03415106,0,0.021370389,0,0.04510086,0,0.020840822,0,0.99989796,1,0.025980497,0,0.014155747,0,0.15412524,0,0.008312943,0,0.007866156,0,0.018715847,0,0.016684094,0,0.02194329,0,0.015222087,0,0.025106128,0,0.011406133,0,0.030186586,0
c35,,0,0.9999545812606812,1,0.9998464584350586,1,0.022536967,0,0.0046845363,0,0.9999546,1,0.050628405,0,0.032739073,0,0.02544859,0,0.02024719,0,0.027096592,0,0.018920524,0,0.9999546,1,0.037898347,0,0.020997135,0,0.06433492,0,0.012050134,0,0.01777442,0,0.028121587,0,0.024949957,0,0.017172353,0,0.036909144,0,0.023987405,0,0.024263078,0,0.023251057,0
c36,,0,0.9999545812606812,1,0.9998441934585571,1,0.028546475,0,0.0051760087,0,0.9999546,1,0.054286905,0,0.031815287,0,0.020332457,0,0.029296717,0,0.021539649,0,0.029592339,0,0.9999546,1,0.03314532,0,0.016229017,0,0.08937933,0,0.013299919,0,0.016287077,0,0.023304978,0,0.026450925,0,0.020671882,0,0.026025845,0,0.022385862,0,0.03138921,0,0.025778899,0
c37,,0,0.9999545812606812,1,0.9998149275779724,1,0.028226957,0,0.009207868,0,0.9999546,1,0.033068493,0,0.02636518,0,0.023332993,0,0.02513639,0,0.02208558,0,0.030343873,0,0.9999546,1,0.053838164,0,0.02614756,0,0.02842012,0,0.022171468,0,0.027685883,0,0.030929368,0,0.029372185,0,0.014470894,0,0.02296296,0,0.032300573,0,0.033088185,0,0.02239953,0
c38,,0,0.9999545812606812,1,0.9888759255409241,1,0.06622719,0,0.015205328,0,0.007697927,0,0.9999546,1,0.0654691,0,0.010688382,0,0.01013484,0,0.19093283,0,0.028945366,0,0.0041585714,0,0.021302594,0,0.00676658,0,0.09424633,0,0.9991111,1,0.047934137,0,0.008213103,0,0.03866872,0,0.031187072,0,0.0083192745,0,0.019290771,0,0.019115908,0,0.019870969,0
c39,,0,0.9999545812606812,1,0.9897983074188232,1,0.032881174,0,0.007113729,0,0.9999546,1,0.044471856,0,0.032881685,0,0.02093297,0,0.017188601,0,0.030849518,0,0.022463921,0,0.99994886,1,0.025727179,0,0.034970008,0,0.018882858,0,0.019556096,0,0.016712727,0,0.017197425,0,0.030869434,0,0.021461556,0,0.015114415,0,0.03754776,0,0.011510763,0,0.02336051,0
c40,,0,0.9999545812606812,1,0.9926593899726868,1,0.050203804,0,0.0546892,0,0.9999546,1,0.03641272,0,0.014171108,0,0.015942289,0,0.059096284,0,0.011276792,0,0.03438026,0,0.9999546,1,0.05005196,0,0.017718123,0,0.020177517,0,0.020942695,0,0.029037936,0,0.04895154,0,0.046549592,0,0.04387481,0,0.037824728,0,0.018129507,0,0.040976264,0,0.018040108,0
c41,,0,0.9999545812606812,1,0.9855808615684509,1,0.035230093,0,0.018915059,0,0.011328501,0,0.9999546,1,0.032225322,0,0.014816098,0,0.027637305,0,0.1667657,0,0.06190131,0,0.008160744,0,0.018195732,0,0.013124224,0,0.12595971,0,0.9996239,1,0.04223416,0,0.011692369,0,0.021958057,0,0.021038214,0,0.015014044,0,0.016963469,0,0.009523583,0,0.013094801,0
c42,,0,0.9999545812606812,1,0.9909646511077881,1,0.032914907,0,0.011930667,0,0.9999546,1,0.015060407,0,0.038277075,0,0.024181923,0,0.033351205,0,0.023822129,0,0.034640085,0,0.9999546,1,0.032822534,0,0.014638763,0,0.036946435,0,0.021110242,0,0.02235161,0,0.021266062,0,0.029448591,0,0.060981106,0,0.04058445,0,0.033260148,0,0.027175799,0,0.04630447,0
c43,,0,0.9999545812606812,1,0.9124664664268494,1,0.026746513,0,0.015262096,0,0.9999546,1,0.017001536,0,0.03443737,0,0.019255603,0,0.027348444,0,0.050917517,0,0.024369016,0,0.9999546,1,0.037801057,0,0.020192487,0,0.024011044,0,0.018316858,0,0.020772686,0,0.017810095,0,0.025078682,0,0.054123566,0,0.042852227,0,0.027434023,0,0.027643718,0,0.027985571,0
c44,,0,0.9934105277061462,1,0.012010246515274048,0,0.3063825,0,0.20371117,0,0.7756738,1,0.04951277,0,0.6008325,1,0.0015652635,0,0.1086706,0,0.031439327,0,0.008315924,0,0.07875473,0,0.028468266,0,0.031939317,0,0.010724441,0,0.14608464,0,0.08059948,0,0.044760928,0,0.061382063,0,0.24322951,0,0.8613049,1,0.0069223996,0,0.12406928,0,0.023327256,0
c44,,0,0.9999545812606812,1,0.9997993111610413,1,0.043356825,0,0.008639165,0,0.9999546,1,0.024057666,0,0.04425109,0,0.03540195,0,0.014201415,0,0.9997427,1,0.01686349,0,0.02765134,0,0.15047967,0,0.031169314,0,0.0110412985,0,0.0534333,0,0.020380989,0,0.030315382,0,0.025550827,0,0.0154263405,0,0.011648349,0,0.03962424,0,0.04622091,0,0.031759955,0
c45,,0,0.9999545812606812,1,0.9995973706245422,1,0.025559198,0,0.005883637,0,0.9999546,1,0.06656979,0,0.035113208,0,0.020932369,0,0.01373529,0,0.1573706,0,0.027873803,0,0.99989617,1,0.02263208,0,0.026262213,0,0.059065852,0,0.015868727,0,0.017876035,0,0.014101205,0,0.02025241,0,0.009203872,0,0.024734939,0,0.07047098,0,0.020051956,0,0.015585449,0
c46,,0,0.9999545812606812,1,0.9986745119094849,1,0.033184666,0,0.010874956,0,0.9999546,1,0.030569507,0,0.02456407,0,0.02078271,0,0.04180991,0,0.028279424,0,0.017008174,0,0.99994993,1,0.048764862,0,0.019513205,0,0.01958802,0,0.019792762,0,0.012529861,0,0.025814047,0,0.028076727,0,0.012848849,0,0.01893302,0,0.051621452,0,0.01613771,0,0.029229378,0
c47,,0,0.9999545812606812,1,0.7690727710723877,1,0.03336481,0,0.011533894,0,0.9999546,1,0.018815229,0,0.035950825,0,0.017977959,0,0.03224329,0,0.016687889,0,0.032935176,0,0.9999546,1,0.027996859,0,0.01758993,0,0.024098149,0,0.023641692,0,0.018914336,0,0.018421188,0,0.039170224,0,0.048614405,0,0.041879885,0,0.037308816,0,0.03163298,0,0.036576405,0
c48,,0,0.9999545812606812,1,0.10398450493812561,0,0.06580128,0,0.023933027,0,0.007389617,0,0.9999546,1,0.022111846,0,0.041872997,0,0.018636912,0,0.17115673,0,0.044551946,0,0.015124817,0,0.014090178,0,0.00544891,0,0.04950816,0,0.99974006,1,0.119603515,0,0.031334884,0,0.032127753,0,0.05391839,0,0.026060473,0,0.029411273,0,0.0070076264,0,0.048069153,0
c49,,0,0.9999545812606812,1,0.6769207119941711,1,0.049272213,0,0.029599335,0,0.9999546,1,0.01102046,0,0.022919668,0,0.024495572,0,0.04207307,0,0.021749932,0,0.057427503,0,0.9999546,1,0.041843977,0,0.017777102,0,0.006669225,0,0.014396835,0,0.052875523,0,0.060767062,0,0.034460463,0,0.0258798,0,0.026266921,0,0.045577005,0,0.035021078,0,0.038338374,0
c50,,0,0.9999545812606812,1,0.9946590065956116,1,0.122098945,0,0.011398742,0,0.012763297,0,0.9999546,1,0.039410654,0,0.007084273,0,0.011211839,0,0.30107382,0,0.060551688,0,0.00836635,0,0.034282777,0,0.007524659,0,0.1624834,0,0.9995152,1,0.0858401,0,0.016049497,0,0.036588278,0,0.01642881,0,0.009875831,0,0.013000865,0,0.018932082,0,0.024639597,0
c51,,0,0.9999545812606812,1,0.9997742772102356,1,0.029903926,0,0.008192472,0,0.9999546,1,0.01766144,0,0.03344716,0,0.027869806,0,0.023445161,0,0.039880127,0,0.03123461,0,0.9999546,1,0.035499576,0,0.011465694,0,0.019972526,0,0.01896443,0,0.024799129,0,0.024063164,0,0.050877888,0,0.027864743,0,0.031639967,0,0.027997116,0,0.03554156,0,0.047656644,0
c52,,0,0.9999545812606812,1,0.9955300688743591,1,0.029841091,0,0.007758183,0,0.9999546,1,0.024332121,0,0.021451874,0,0.030928968,0,0.044094704,0,0.040320307,0,0.030832635,0,0.9999546,1,0.028732823,0,0.013482419,0,0.031643208,0,0.019942896,0,0.016717743,0,0.023288967,0,0.018147554,0,0.033305544,0,0.015869666,0,0.046396676,0,0.01739343,0,0.03786417,0
c53,,0,0.9999545812606812,1,0.9998365640640259,1,0.04630646,0,0.0063834954,0,0.9999546,1,0.03464078,0,0.02879796,0,0.03553504,0,0.02928501,0,0.9999244,1,0.037041735,0,0.03321536,0,0.07877724,0,0.027893992,0,0.021637877,0,0.01900267,0,0.021971393,0,0.04998037,0,0.038083054,0,0.03262187,0,0.021119907,0,0.04952082,0,0.034855496,0,0.042115353,0
c54,,0,0.9999545812606812,1,0.9996702671051025,1,0.02499222,0,0.008397549,0,0.9999546,1,0.024191925,0,0.018642917,0,0.03340195,0,0.020262413,0,0.02522515,0,0.03818637,0,0.9999546,1,0.027769644,0,0.025534688,0,0.033129238,0,0.01910808,0,0.020036409,0,0.028277379,0,0.019844363,0,0.050392162,0,0.021279167,0,0.025768451,0,0.012898852,0,0.0490602,0
c55,,0,0.9999545812606812,1,0.999758780002594,1,0.04117123,0,0.00814888,0,0.9999546,1,0.040764343,0,0.021481683,0,0.019792855,0,0.036147866,0,0.02813304,0,0.029801682,0,0.9999546,1,0.020399148,0,0.026353598,0,0.049860638,0,0.01999234,0,0.017893866,0,0.027064499,0,0.020887103,0,0.028336424,0,0.01842472,0,0.036934346,0,0.01597313,0,0.030543253,0
c56,,0,0.9955496788024902,1,0.972494900226593,1,0.039847232,0,0.018871496,0,0.007285234,0,0.9999207,1,0.016953334,0,0.089888416,0,0.10326677,0,0.08696251,0,0.011598117,0,0.0052745165,0,0.014073563,0,0.009503583,0,0.08517927,0,0.99917823,1,0.0138047105,0,0.01922152,0,0.015594353,0,0.02911654,0,0.018369358,0,0.12240205,0,0.010875929,0,0.083520286,0
c57,,0,0.9999545812606812,1,0.9834059476852417,1,0.03289854,0,0.0058164345,0,0.9999546,1,0.07558631,0,0.023277773,0,0.01753995,0,0.015831053,0,0.11827804,0,0.018745508,0,0.99991405,1,0.02721098,0,0.023998056,0,0.037485342,0,0.017355949,0,0.013952299,0,0.023291698,0,0.029299954,0,0.009295927,0,0.02027147,0,0.09074577,0,0.008410317,0,0.012337251,0
c58,,0,0.9999545812606812,1,0.998961329460144,1,0.025197744,0,0.013831969,0,0.9999546,1,0.023943614,0,0.024704484,0,0.019979905,0,0.04437509,0,0.028543243,0,0.014331937,0,0.9999473,1,0.048466705,0,0.01645526,0,0.030623745,0,0.019212058,0,0.014531892,0,0.020301037,0,0.027135573,0,0.014831356,0,0.017465062,0,0.046625268,0,0.015271185,0,0.01980234,0
c59,,0,0.9947730898857117,1,0.9946255087852478,1,0.019510454,0,0.0009910361,0,0.99865204,1,0.54802215,1,0.024557816,0,0.013760597,0,0.093290195,0,0.99935204,1,0.034609877,0,0.01117646,0,0.007450502,0,0.008708104,0,0.03629271,0,0.011437678,0,0.01235712,0,0.07670653,0,0.018289903,0,0.03970832,0,0.035399012,0,0.030673157,0,0.08767618,0,0.04318637,0
c60,,0,0.9999545812606812,1,0.9992511868476868,1,0.027148891,0,0.015566853,0,0.9999546,1,0.022557423,0,0.024877043,0,0.021198649,0,0.03662045,0,0.039288983,0,0.017693682,0,0.99994683,1,0.045095295,0,0.019760603,0,0.02156327,0,0.019014128,0,0.01910788,0,0.024972819,0,0.028687095,0,0.010781328,0,0.018265087,0,0.04884759,0,0.01706907,0,0.017350063,0
c61,,0,0.9999545812606812,1,0.9997944235801697,1,0.043519724,0,0.00630079,0,0.9999546,1,0.031832356,0,0.03481715,0,0.027457183,0,0.03611208,0,0.038259048,0,0.02386091,0,0.03927516,0,0.043220095,0,0.031207003,0,0.01962211,0,0.9998764,1,0.016598485,0,0.0377227,0,0.050652497,0,0.02702467,0,0.020500055,0,0.025088448,0,0.028204301,0,0.028958764,0
c62,,0,0.9999545812606812,1,0.9990110397338867,1,0.024921654,0,0.005574322,0,0.9999546,1,0.029320965,0,0.046073094,0,0.027722962,0,0.025750825,0,0.033203818,0,0.024684932,0,0.9999546,1,0.045833703,0,0.024647333,0,0.04584874,0,0.015355144,0,0.029081034,0,0.018303435,0,0.027722616,0,0.020080125,0,0.021438891,0,0.058979314,0,0.013601637,0,0.033001315,0
c63,,0,0.9999545812606812,1,0.9995372295379639,1,0.03823888,0,0.019258583,0,0.9999546,1,0.01613605,0,0.046547487,0,0.015439399,0,0.014769968,0,0.02143749,0,0.044991557,0,0.9999546,1,0.04105079,0,0.029530564,0,0.019206192,0,0.028538942,0,0.056165352,0,0.03307191,0,0.04104189,0,0.035526887,0,0.032215986,0,0.03368918,0,0.041954663,0,0.041195348,0
c64,,0,0.9999545812606812,1,0.996527373790741,1,0.037779994,0,0.014811527,0,0.9999546,1,0.019940127,0,0.041588552,0,0.019322425,0,0.032583475,0,0.027314432,0,0.032520346,0,0.9999546,1,0.029238291,0,0.013740252,0,0.040391404,0,0.026208144,0,0.029923048,0,0.019493772,0,0.035043653,0,0.04937409,0,0.037112948,0,0.032405846,0,0.028817642,0,0.035577204,0
c65,,0,0.9999545812606812,1,0.9997836947441101,1,0.041751217,0,0.015075622,0,0.9999546,1,0.018230623,0,0.021054888,0,0.02330444,0,0.03831976,0,0.03595498,0,0.015100288,0,0.04891927,0,0.044777334,0,0.027110806,0,0.015896251,0,0.99983144,1,0.016439902,0,0.029439716,0,0.033057198,0,0.0296845,0,0.024359355,0,0.038694996,0,0.019011984,0,0.026841497,0
c66,,0,0.9999545812606812,1,0.9997941851615906,1,0.040027007,0,0.014637215,0,0.9999546,1,0.028074514,0,0.040162086,0,0.015629448,0,0.024451533,0,0.07322047,0,0.014091788,0,0.031741325,0,0.023819162,0,0.018289365,0,0.017565424,0,0.99982053,1,0.017645348,0,0.029123649,0,0.028155003,0,0.033324443,0,0.018151823,0,0.030146929,0,0.028060263,0,0.018995548,0
c67,,0,0.9999545812606812,1,0.9998226761817932,1,0.048042998,0,0.0050051976,0,0.9999546,1,0.031604048,0,0.040075507,0,0.022799466,0,0.031042432,0,0.020894144,0,0.017873924,0,0.051643606,0,0.08520169,0,0.04127708,0,0.024718685,0,0.9998056,1,0.01132536,0,0.034507386,0,0.027614,0,0.029649593,0,0.02447785,0,0.026537778,0,0.030213574,0,0.02155576,0
c68,,0,0.9999545812606812,1,0.9957857728004456,1,0.033587184,0,0.0074312068,0,0.9999546,1,0.041746203,0,0.033621468,0,0.01795536,0,0.025763605,0,0.054154832,0,0.023212261,0,0.99994516,1,0.04228689,0,0.014468432,0,0.04872684,0,0.013560613,0,0.013013549,0,0.018320352,0,0.024898913,0,0.022854337,0,0.020232692,0,0.03666235,0,0.015182631,0,0.025354333,0
c69,,0,0.9999545812606812,1,0.9996048808097839,1,0.048619524,0,0.006100843,0,0.9999546,1,0.038014937,0,0.039378237,0,0.022406429,0,0.035320383,0,0.066553734,0,0.019301157,0,0.9999546,1,0.026255606,0,0.025313316,0,0.027774718,0,0.025234666,0,0.015881734,0,0.021298053,0,0.0297147,0,0.018437305,0,0.018407311,0,0.036878534,0,0.01583552,0,0.03186015,0
c70,,0,0.9999545812606812,1,0.9996988773345947,1,0.042526115,0,0.0070968987,0,0.9999546,1,0.032350913,0,0.045209587,0,0.026262347,0,0.032231532,0,0.06842019,0,0.016156897,0,0.99994063,1,0.024314867,0,0.015756799,0,0.026144488,0,0.020568626,0,0.0140153635,0,0.016386278,0,0.025312105,0,0.013612125,0,0.015444234,0,0.0433131,0,0.015170551,0,0.028335901,0
c71,,0,0.9999545812606812,1,0.9855141639709473,1,0.034242395,0,0.006380804,0,0.9999546,1,0.028405722,0,0.04106064,0,0.027783198,0,0.036029655,0,0.052097812,0,0.03138559,0,0.99995077,1,0.03073818,0,0.019390177,0,0.032178335,0,0.013955501,0,0.020667853,0,0.01774367,0,0.019417305,0,0.05565286,0,0.0192088,0,0.034977652,0,0.012117355,0,0.051185053,0
c72,,0,0.9999545812606812,1,0.9998356103897095,1,0.029329458,0,0.0062717805,0,0.9999546,1,0.0430327,0,0.030873334,0,0.030176759,0,0.016114483,0,0.011548065,0,0.023050657,0,0.99995124,1,0.06650507,0,0.023531087,0,0.02108957,0,0.028908852,0,0.025122976,0,0.022052657,0,0.022318898,0,0.026946252,0,0.03886447,0,0.03441305,0,0.023536785,0,0.015503583,0
c73,,0,0.9999545812606812,1,0.9996852874755859,1,0.023456737,0,0.0067342836,0,0.9999546,1,0.01908723,0,0.029568376,0,0.0555165,0,0.034182,0,0.067184895,0,0.027601596,0,0.9999546,1,0.033447746,0,0.013835448,0,0.034063976,0,0.044818692,0,0.014280981,0,0.02092998,0,0.025834361,0,0.03859005,0,0.02595213,0,0.017414264,0,0.019951245,0,0.033607636,0
c74,,0,0.9999545812606812,1,0.9757289290428162,1,0.056281604,0,0.015994288,0,0.9999546,1,0.016957397,0,0.031795748,0,0.0112110935,0,0.047535617,0,0.010993935,0,0.027943946,0,0.9999546,1,0.026689772,0,0.015024659,0,0.020728275,0,0.013266676,0,0.030752447,0,0.043263562,0,0.029426433,0,0.041162495,0,0.015858812,0,0.037542507,0,0.03492043,0,0.015320254,0
c75,,0,0.9999545812606812,1,0.9994138479232788,1,0.035649106,0,0.016969562,0,0.9999546,1,0.011675569,0,0.030666523,0,0.01620757,0,0.024101082,0,0.0306144,0,0.03742442,0,0.9999546,1,0.049250863,0,0.025266454,0,0.025347246,0,0.028365323,0,0.044724245,0,0.022982782,0,0.04662632,0,0.049711946,0,0.031517234,0,0.03569191,0,0.029257016,0,0.033307765,0
c76,,0,0.9999545812606812,1,0.9995293617248535,1,0.023333693,0,0.012206643,0,0.9999546,1,0.017269503,0,0.02901729,0,0.016656362,0,0.022308094,0,0.016811425,0,0.037776265,0,0.9999546,1,0.034567736,0,0.02956928,0,0.043094583,0,0.027606638,0,0.02123159,0,0.020087317,0,0.03032903,0,0.06544135,0,0.03303671,0,0.02800203,0,0.030556785,0,0.038452562,0
c77,,0,0.9999545812606812,1,0.0897858589887619,0,0.03309619,0,0.017549863,0,0.9999546,1,0.01118797,0,0.067114085,0,0.01586645,0,0.020145122,0,0.02013859,0,0.01660754,0,0.9999546,1,0.027082555,0,0.016400265,0,0.016769404,0,0.023897564,0,0.023172287,0,0.030647941,0,0.036102455,0,0.038779914,0,0.0455076,0,0.04515751,0,0.044403724,0,0.04044948,0
c78,,0,0.9999545812606812,1,0.9996987581253052,1,0.016943116,0,0.0009272365,0,0.99949265,1,0.57776326,1,0.017397977,0,0.009810694,0,0.041517634,0,0.99960583,1,0.035471197,0,0.010652828,0,0.04780712,0,0.007655718,0,0.32778805,0,0.010168554,0,0.014953005,0,0.053859282,0,0.02325408,0,0.023453476,0,0.018584149,0,0.00680485,0,0.049201876,0,0.05094514,0
c79,,0,0.9999545812606812,1,0.9992988109588623,1,0.034841068,0,0.01176545,0,0.9999546,1,0.02811243,0,0.030260637,0,0.01890652,0,0.01630192,0,0.021391686,0,0.034352668,0,0.9999546,1,0.05852177,0,0.024624057,0,0.03836564,0,0.03208562,0,0.03369837,0,0.026864804,0,0.049924564,0,0.036247604,0,0.026571212,0,0.036299787,0,0.026401257,0,0.02608718,0
c80,,0,0.9999545812606812,1,0.9927600622177124,1,0.07763773,0,0.0037785769,0,0.9999546,1,0.035276912,0,0.03557516,0,0.042837042,0,0.02227719,0,0.9996276,1,0.043964304,0,0.046073,0,0.20182398,0,0.02784395,0,0.03709057,0,0.009938258,0,0.00943867,0,0.07579648,0,0.028398165,0,0.018237105,0,0.027182376,0,0.03063636,0,0.034045067,0,0.033054072,0
c81,,0,0.9999545812606812,1,0.9997044205665588,1,0.032133117,0,0.017809918,0,0.9999546,1,0.011375075,0,0.023789737,0,0.026831772,0,0.03851055,0,0.033572942,0,0.032513395,0,0.9999546,1,0.045428634,0,0.021410191,0,0.021992682,0,0.031841468,0,0.027450576,0,0.023412976,0,0.037980556,0,0.042631093,0,0.026152626,0,0.030911246,0,0.024306135,0,0.031645864,0
c82,,0,0.9999545812606812,1,0.9990615248680115,1,0.047739886,0,0.010563056,0,0.9999546,1,0.039024375,0,0.016030554,0,0.016726304,0,0.0357874,0,0.013256593,0,0.045988012,0,0.9999546,1,0.041472726,0,0.022870338,0,0.016404018,0,0.029514551,0,0.023110602,0,0.0495811,0,0.0414634,0,0.060779374,0,0.015917197,0,0.016158791,0,0.03314505,0,0.02667711,0
c83,,0,0.9999545812606812,1,0.9861709475517273,1,0.015207098,0,0.0066199666,0,0.9999546,1,0.04960115,0,0.03496785,0,0.018431611,0,0.020776324,0,0.031505518,0,0.023784768,0,0.99994683,1,0.029193457,0,0.014370654,0,0.048256565,0,0.017061032,0,0.0139350435,0,0.018688207,0,0.024775257,0,0.017552888,0,0.017113736,0,0.040482484,0,0.029817978,0,0.021341981,0
c84,,0,0.9999545812606812,1,0.99921715259552,1,0.042340145,0,0.010646969,0,0.9999546,1,0.041311488,0,0.032699715,0,0.028546877,0,0.038338892,0,0.99989414,1,0.0324051,0,0.10085853,0,0.057799596,0,0.012342888,0,0.048398163,0,0.022837996,0,0.01467511,0,0.038995605,0,0.029769376,0,0.05637745,0,0.02842224,0,0.033613093,0,0.03350237,0,0.009099674,0
c85,,0,0.9999545812606812,1,0.9946326017379761,1,0.028955312,0,0.005889633,0,0.9999546,1,0.05926263,0,0.03911274,0,0.0183479,0,0.019860877,0,0.06355715,0,0.018736443,0,0.99993086,1,0.027925001,0,0.026538655,0,0.039377283,0,0.016836608,0,0.014040399,0,0.03484064,0,0.042706873,0,0.0071458532,0,0.01476568,0,0.08203955,0,0.016077796,0,0.01283439,0
c86,,0,0.9538160562515259,1,0.9989191293716431,1,0.06533306,0,0.00029530798,0,0.99784434,1,0.6698063,1,0.018974949,0,0.015866345,0,0.10916692,0,0.9990723,1,0.035197977,0,0.008652203,0,0.014326158,0,0.0070287446,0,0.11196125,0,0.012173146,0,0.006653196,0,0.047057055,0,0.020112336,0,0.042275526,0,0.06400346,0,0.025114322,0,0.035477374,0,0.022209166,0
c87,,0,0.9999256134033203,1,0.9996316432952881,1,0.02631129,0,0.0024837921,0,0.99990296,1,0.25448638,0,0.013050329,0,0.013737422,0,0.072461635,0,0.99955016,1,0.04945123,0,0.0058448547,0,0.023176901,0,0.006716016,0,0.06357135,0,0.009583144,0,0.010614892,0,0.03708959,0,0.017067093,0,0.064104155,0,0.033641506,0,0.015027638,0,0.07503161,0,0.03857698,0
c88,,0,0.9996877908706665,1,0.9997623562812805,1,0.018827505,0,0.0016802968,0,0.9998957,1,0.29133537,0,0.015868906,0,0.01970706,0,0.058184735,0,0.99955815,1,0.042455446,0,0.0067270757,0,0.01340859,0,0.0064197783,0,0.09915744,0,0.031608474,0,0.013969542,0,0.027079483,0,0.015464149,0,0.03475155,0,0.041977193,0,0.023827597,0,0.037722517,0,0.023365945,0
c89,,0,0.9999545812606812,1,0.9994531273841858,1,0.038860746,0,0.009838651,0,0.9999546,1,0.0134661645,0,0.03975633,0,0.027805353,0,0.032065872,0,0.084313154,0,0.023003537,0,0.9999546,1,0.03897733,0,0.01896037,0,0.049377844,0,0.03209942,0,0.023273256,0,0.022740291,0,0.02947758,0,0.03507316,0,0.034625404,0,0.023048025,0,0.024041383,0,0.017506106,0
c90,,0,0.9999352693557739,1,0.999794065952301,1,0.051610317,0,0.0067579495,0,0.9999546,1,0.028188482,0,0.057311695,0,0.036365636,0,0.016007412,0,0.99982077,1,0.031216025,0,0.024801826,0,0.14308797,0,0.027794901,0,0.011402435,0,0.03361367,0,0.015346978,0,0.025547048,0,0.03751306,0,0.031188983,0,0.016029289,0,0.028396694,0,0.09275685,0,0.02692133,0
c91,,0,0.9999545812606812,1,0.1736806482076645,0,0.04781715,0,0.010921204,0,0.9999546,1,0.012125424,0,0.028019626,0,0.020818094,0,0.033838972,0,0.021859163,0,0.04400566,0,0.9999546,1,0.030183723,0,0.024993382,0,0.023115026,0,0.028408475,0,0.02886284,0,0.047403,0,0.030192949,0,0.048964694,0,0.04701043,0,0.031591207,0,0.0374003,0,0.038433235,0
c92,,0,0.9999545812606812,1,0.986976683139801,1,0.029368507,0,0.0053285197,0,0.9999546,1,0.080038875,0,0.02574368,0,0.021003699,0,0.020524563,0,0.08271885,0,0.027467156,0,0.9999256,1,0.02886153,0,0.029645432,0,0.04094206,0,0.014559935,0,0.013120037,0,0.03383995,0,0.034429032,0,0.0067364015,0,0.013459852,0,0.076799594,0,0.019058213,0,0.015762568,0
c93,,0,0.9999545812606812,1,0.9707704186439514,1,0.029570725,0,0.004512737,0,0.9999546,1,0.10154863,0,0.023788707,0,0.019431073,0,0.023550482,0,0.09413563,0,0.022491906,0,0.99991345,1,0.028576212,0,0.019528408,0,0.05857145,0,0.01821965,0,0.01100952,0,0.028623147,0,0.034396727,0,0.008963495,0,0.01378458,0,0.059015736,0,0.0104379915,0,0.015866539,0
c94,,0,0.9999545812606812,1,0.9978001713752747,1,0.037474126,0,0.012846804,0,0.9999546,1,0.015432832,0,0.041114982,0,0.024296662,0,0.029791938,0,0.044985518,0,0.015866471,0,0.9999546,1,0.044344682,0,0.015460447,0,0.051775753,0,0.04418681,0,0.023173263,0,0.019524956,0,0.02706011,0,0.029719958,0,0.030395087,0,0.023145335,0,0.026723238,0,0.018312246,0
c95,,0,0.9999545812606812,1,0.9998776912689209,1,0.034181714,0,0.01836237,0,0.9999546,1,0.023957564,0,0.043255355,0,0.028175378,0,0.030504022,0,0.9999317,1,0.02189312,0,0.035811875,0,0.03900054,0,0.03458539,0,0.019558584,0,0.03581101,0,0.019599127,0,0.034610823,0,0.037154634,0,0.062185146,0,0.01691868,0,0.040049147,0,0.06093829,0,0.030742027,0
c96,,0,0.9943774342536926,1,0.9972360730171204,1,0.040813725,0,0.016689617,0,0.99993217,1,0.046523474,0,0.010611987,0,0.012287046,0,0.08327216,0,0.99945325,1,0.032648962,0,0.003655964,0,0.099401295,0,0.018724598,0,0.016688718,0,0.011158052,0,0.047555313,0,0.06346078,0,0.015101593,0,0.032489598,0,0.009634039,0,0.053104017,0,0.084832534,0,0.022675898,0
c97,,0,0.9999545812606812,1,0.9998329877853394,1,0.026809884,0,0.0052317292,0,0.9999546,1,0.06507534,0,0.02872544,0,0.024157211,0,0.021606434,0,0.9998971,1,0.057775095,0,0.00825145,0,0.06492896,0,0.035074312,0,0.024042167,0,0.03535917,0,0.021839112,0,0.054849707,0,0.058821984,0,0.032982275,0,0.016451146,0,0.056440927,0,0.029944578,0,0.061267644,0
c98,,0,0.9997997879981995,1,0.9996800422668457,1,0.025736272,0,0.0008155991,0,0.9997168,1,0.6410129,1,0.008261989,0,0.027323106,0,0.085478246,0,0.99934214,1,0.026889399,0,0.0065040817,0,0.010571088,0,0.006766757,0,0.029487971,0,0.01014155,0,0.008728832,0,0.037084397,0,0.014026933,0,0.0867087,0,0.04297559,0,0.026926186,0,0.053145155,0,0.038382508,0
c99,,0,0.9999545812606812,1,0.9998652935028076,1,0.04247829,0,0.0062063755,0,0.9999546,1,0.03261658,0,0.038839266,0,0.03717619,0,0.029978782,0,0.9999293,1,0.049055792,0,0.023541423,0,0.076897226,0,0.03100875,0,0.01579332,0,0.05087084,0,0.01473494,0,0.039433323,0,0.04697477,0,0.040441327,0,0.019117285,0,0.0675698,0,0.060862195,0,0.037175134,0
c100,,0,0.19285617768764496,0,0.9997445940971375,1,0.043857332,0,0.0010400104,0,0.99976915,1,0.65974766,1,0.012016926,0,0.007988966,0,0.03897991,0,0.999159,1,0.045877807,0,0.024434982,0,0.060952254,0,0.00844893,0,0.5053717,1,0.0069395946,0,0.009444025,0,0.047709383,0,0.01148946,0,0.043046948,0,0.010039925,0,0.014138949,0,0.08123944,0,0.05833473,0
c101,,0,0.9999545812606812,1,0.9998824596405029,1,0.035709523,0,0.013681252,0,0.9999546,1,0.030984677,0,0.033060946,0,0.027248077,0,0.028818972,0,0.99992764,1,0.038254682,0,0.021990534,0,0.056303486,0,0.038355984,0,0.025808921,0,0.018673267,0,0.03078505,0,0.042150706,0,0.053154502,0,0.066107795,0,0.019656194,0,0.050863616,0,0.024980424,0,0.037450667,0
c102,,0,0.9999545812606812,1,0.9995585083961487,1,0.020048233,0,0.005694216,0,0.9999546,1,0.056767665,0,0.036065266,0,0.021097817,0,0.013985592,0,0.048462104,0,0.023813758,0,0.99992955,1,0.038701452,0,0.016788362,0,0.02553621,0,0.012912424,0,0.015857955,0,0.018022109,0,0.030108273,0,0.009100126,0,0.02251907,0,0.04643422,0,0.0299695,0,0.0114408,0
c103,,0,0.9999545812606812,1,0.9964185953140259,1,0.02046359,0,0.0054597454,0,0.9999546,1,0.0497609,0,0.034645334,0,0.02216277,0,0.022294838,0,0.05757615,0,0.027534211,0,0.99994016,1,0.0232364,0,0.012119136,0,0.017486515,0,0.023318471,0,0.017718513,0,0.019876622,0,0.03731309,0,0.009269651,0,0.022068597,0,0.05985124,0,0.018974202,0,0.021284355,0
c104,,0,0.9999545812606812,1,0.9997829794883728,1,0.035169773,0,0.025657285,0,0.009645064,0,0.9999546,1,0.012065529,0,0.01945602,0,0.049250286,0,0.11864981,0,0.031357687,0,0.01581137,0,0.04211319,0,0.008846644,0,0.060993806,0,0.9997507,1,0.026096523,0,0.08114729,0,0.03269816,0,0.014279437,0,0.010141765,0,0.036571953,0,0.0047679376,0,0.05605995,0
c105,,0,0.9999545812606812,1,0.9996554851531982,1,0.020250797,0,0.021946939,0,0.007536263,0,0.9999546,1,0.026432237,0,0.024942916,0,0.015555225,0,0.08336435,0,0.048183285,0,0.018771278,0,0.029243845,0,0.013589326,0,0.110182755,0,0.99972206,1,0.013858929,0,0.06716798,0,0.027429711,0,0.016493093,0,0.01034856,0,0.016793622,0,0.020702496,0,0.039703228,0
c106,,0,0.9999545812606812,1,0.995489776134491,1,0.033483952,0,0.011276787,0,0.9999546,1,0.008675285,0,0.052320488,0,0.032541983,0,0.030122606,0,0.03438131,0,0.03354888,0,0.9999546,1,0.04023951,0,0.017751949,0,0.031162808,0,0.024184909,0,0.023995798,0,0.025184134,0,0.031696014,0,0.072612286,0,0.03657029,0,0.026001723,0,0.03419878,0,0.041088596,0
c107,,0,0.9999545812606812,1,0.9539203643798828,1,0.03287087,0,0.007558972,0,0.9999546,1,0.066704266,0,0.026067466,0,0.020682344,0,0.01920109,0,0.088914886,0,0.024439162,0,0.99994206,1,0.035251405,0,0.027115783,0,0.03429878,0,0.018155804,0,0.023692008,0,0.03251193,0,0.03645633,0,0.010377399,0,0.017200978,0,0.100298844,0,0.011262807,0,0.014842082,0
c108,,0,0.9999545812606812,1,0.9997093081474304,1,0.027905637,0,0.013060914,0,0.9999546,1,0.011499051,0,0.03896848,0,0.018281553,0,0.029603824,0,0.04296319,0,0.021680538,0,0.9999546,1,0.033288337,0,0.020754192,0,0.02172453,0,0.018499661,0,0.051438864,0,0.017802564,0,0.04674104,0,0.037220012,0,0.036243983,0,0.042978846,0,0.04154068,0,0.01864196,0
c109,,0,0.9999545812606812,1,0.9998325109481812,1,0.03439294,0,0.011123953,0,0.015362867,0,0.9999546,1,0.038757905,0,0.022047939,0,0.029634248,0,0.046862546,0,0.052916616,0,0.025401369,0,0.0683852,0,0.01617796,0,0.054831177,0,0.9999262,1,0.031508412,0,0.04621926,0,0.029977743,0,0.05330033,0,0.024506675,0,0.032439042,0,0.043437574,0,0.055090528,0
c110,,0,0.9999545812606812,1,0.9998738765716553,1,0.045441467,0,0.007229159,0,0.9999546,1,0.038254254,0,0.029016372,0,0.04131003,0,0.021720467,0,0.9999031,1,0.021874387,0,0.03592088,0,0.024108995,0,0.021826547,0,0.08402723,0,0.045705695,0,0.02075849,0,0.043551084,0,0.037419945,0,0.024681725,0,0.028619219,0,0.041063175,0,0.027050585,0,0.059096098,0
c111,,0,0.9999545812606812,1,0.999873161315918,1,0.048786003,0,0.013364733,0,0.9999546,1,0.03223078,0,0.043137267,0,0.02637613,0,0.026947718,0,0.99993324,1,0.024724197,0,0.047836483,0,0.13028216,0,0.018584754,0,0.025410363,0,0.04387201,0,0.02282238,0,0.039737962,0,0.034550164,0,0.0657582,0,0.02432482,0,0.041432653,0,0.041320145,0,0.024961628,0
c112,,0,0.9042105078697205,1,0.9997745156288147,1,0.061167452,0,0.0035044558,0,0.99994767,1,0.21493234,0,0.011851892,0,0.010427369,0,0.063147366,0,0.9996493,1,0.03950467,0,0.02394796,0,0.074806005,0,0.014414614,0,0.22469561,0,0.008578328,0,0.0058600856,0,0.02244106,0,0.015850887,0,0.051409513,0,0.017001806,0,0.016458029,0,0.08994982,0,0.02517658,0
c113,,0,0.9999545812606812,1,0.999874472618103,1,0.055027675,0,0.0048836004,0,0.9999546,1,0.03592995,0,0.039200388,0,0.044737536,0,0.04124886,0,0.9999484,1,0.052910008,0,0.07701461,0,0.051665872,0,0.05186713,0,0.02098813,0,0.0490705,0,0.034460727,0,0.03150288,0,0.05462206,0,0.044630572,0,0.022138663,0,0.043316893,0,0.07059731,0,0.037265655,0
c114,,0,0.7430620193481445,1,0.9997108578681946,1,0.048353083,0,0.0013124739,0,0.9998996,1,0.5332981,1,0.019080801,0,0.005822918,0,0.02688767,0,0.99897826,1,0.028232777,0,0.008124059,0,0.12296735,0,0.013323329,0,0.36837456,0,0.010366998,0,0.005522449,0,0.05005282,0,0.009040484,0,0.030530483,0,0.029686185,0,0.01751791,0,0.07452735,0,0.020928558,0
c115,,0,0.7095171213150024,1,0.9997193217277527,1,0.044811647,0,0.0013490526,0,0.9998635,1,0.6990934,1,0.007641784,0,0.009549977,0,0.02310693,0,0.9988709,1,0.02934756,0,0.006657926,0,0.08844335,0,0.013618722,0,0.41677696,0,0.019522794,0,0.0065531977,0,0.029381756,0,0.008585742,0,0.03431898,0,0.022474715,0,0.014915407,0,0.049711537,0,0.01612268,0
c116,,0,0.9621480703353882,1,0.9993525147438049,1,0.046172272,0,0.0024230613,0,0.9998796,1,0.6553136,1,0.005882524,0,0.007194619,0,0.028613761,0,0.9991904,1,0.038711265,0,0.007974505,0,0.07918061,0,0.01810665,0,0.30316186,0,0.008562928,0,0.0070608896,0,0.034478717,0,0.009052531,0,0.032565534,0,0.028806077,0,0.019395947,0,0.07914293,0,0.0194175,0
c117,,0,0.4504697620868683,0,0.9997196793556213,1,0.057636384,0,0.004140705,0,0.9999535,1,0.1610534,0,0.016199142,0,0.011217318,0,0.04329015,0,0.99958986,1,0.028172938,0,0.007322657,0,0.06968527,0,0.015249287,0,0.30424702,0,0.024040751,0,0.01070214,0,0.045126673,0,0.014402277,0,0.011278669,0,0.021001473,0,0.039794266,0,0.22105305,0,0.016942084,0
c118,,0,0.9999545812606812,1,0.9998753070831299,1,0.046226915,0,0.0046103136,0,0.9999546,1,0.0530855,0,0.031631917,0,0.041046478,0,0.014284788,0,0.9998555,1,0.017843356,0,0.063752525,0,0.02475675,0,0.022585563,0,0.09153484,0,0.03435576,0,0.014067536,0,0.040300857,0,0.033856526,0,0.021547375,0,0.024002282,0,0.031293128,0,0.02069397,0,0.052419454,0
c119,,0,0.9999545812606812,1,0.9998800754547119,1,0.049691994,0,0.0055209827,0,0.9999546,1,0.048708115,0,0.032027848,0,0.042562757,0,0.016423095,0,0.99983156,1,0.019038392,0,0.04845759,0,0.02427848,0,0.019352471,0,0.16105297,0,0.029200885,0,0.016669862,0,0.04378628,0,0.02179017,0,0.023921952,0,0.025119554,0,0.036484446,0,0.014947697,0,0.055588324,0
c120,,0,0.18972589075565338,0,0.999670147895813,1,0.061306998,0,0.0030200519,0,0.9999418,1,0.16743146,0,0.013865545,0,0.014011041,0,0.04616252,0,0.99952793,1,0.059795428,0,0.0071599474,0,0.07358476,0,0.014612922,0,0.5087745,1,0.017774705,0,0.01453103,0,0.030150913,0,0.009442357,0,0.026274642,0,0.025253886,0,0.03368012,0,0.052692223,0,0.022379277,0
c121,,0,0.16331422328948975,0,0.9994226694107056,1,0.040222082,0,0.002505836,0,0.99993014,1,0.32218152,0,0.017792936,0,0.009712801,0,0.049709976,0,0.99970335,1,0.042562474,0,0.009410771,0,0.07056346,0,0.019341277,0,0.2124879,0,0.016593933,0,0.006366098,0,0.026914017,0,0.020095507,0,0.025318688,0,0.020222334,0,0.045123067,0,0.108820796,0,0.023773039,0
c122,,0,0.9533681273460388,1,0.9996569156646729,1,0.051095694,0,0.0040896423,0,0.9999471,1,0.23529206,0,0.021756263,0,0.008425,0,0.029146992,0,0.99967813,1,0.039962098,0,0.017521504,0,0.030852245,0,0.014602489,0,0.20378383,0,0.021854065,0,0.02063048,0,0.026915865,0,0.014147738,0,0.033484276,0,0.017773014,0,0.02097152,0,0.0729425,0,0.018175378,0
c123,,0,0.8503023982048035,1,0.9996908903121948,1,0.05496612,0,0.003125584,0,0.9999502,1,0.3401542,0,0.01609727,0,0.0083089,0,0.02317999,0,0.9996859,1,0.079822734,0,0.015586216,0,0.051804043,0,0.024452716,0,0.19934215,0,0.011920986,0,0.014194254,0,0.02181026,0,0.021339895,0,0.05751394,0,0.019483583,0,0.025969008,0,0.09495179,0,0.010144144,0
c124,,0,0.951197624206543,1,0.9997246861457825,1,0.037711937,0,0.0022826293,0,0.99992573,1,0.39962086,0,0.01371586,0,0.009556605,0,0.026034066,0,0.9994535,1,0.027788304,0,0.017879752,0,0.0517185,0,0.022707269,0,0.6065874,1,0.012390004,0,0.008716628,0,0.031128626,0,0.0110511705,0,0.042869538,0,0.019055,0,0.021401094,0,0.07105747,0,0.013359761,0
c125,,0,0.9999545812606812,1,0.9997997879981995,1,0.04230924,0,0.007326041,0,0.9999546,1,0.042762123,0,0.05119311,0,0.031187154,0,0.023179352,0,0.9998617,1,0.025541995,0,0.01681654,0,0.05143484,0,0.030074794,0,0.20064014,0,0.039482474,0,0.009835274,0,0.026224636,0,0.025671668,0,0.042854663,0,0.018884735,0,0.024738355,0,0.06743299,0,0.031160234,0
c126,,0,0.9999545812606812,1,0.9987454414367676,1,0.02902859,0,0.009588342,0,0.9999546,1,0.0060307463,0,0.025465805,0,0.07203036,0,0.030764038,0,0.06552349,0,0.028701387,0,0.9999546,1,0.04489541,0,0.0231647,0,0.00798368,0,0.02364159,0,0.03348425,0,0.03639666,0,0.040213548,0,0.05597056,0,0.02880768,0,0.03228394,0,0.046621464,0,0.020698253,0
c127,,0,0.9999364614486694,1,0.3713730275630951,0,0.035638068,0,0.007998797,0,0.9999527,1,0.03558109,0,0.028876062,0,0.030623026,0,0.05021996,0,0.07351628,0,0.005928427,0,0.9980356,1,0.019904546,0,0.012425179,0,0.065928675,0,0.021721587,0,0.0114816595,0,0.006921138,0,0.0032014016,0,0.021405684,0,0.07814399,0,0.0026288407,0,0.02302366,0,0.008332523,0
c128,,0,0.9999545812606812,1,0.99972003698349,1,0.042879,0,0.012079996,0,0.9999546,1,0.024054553,0,0.028657846,0,0.041494265,0,0.027727095,0,0.99993575,1,0.021255048,0,0.052576017,0,0.06022772,0,0.014198132,0,0.020296827,0,0.021181619,0,0.038602646,0,0.040659156,0,0.050362527,0,0.0634609,0,0.03968402,0,0.05731063,0,0.047902126,0,0.060183186,0
c129,,0,0.9999545812606812,1,0.9897032380104065,1,0.024403704,0,0.009199793,0,0.9999542,1,0.033099893,0,0.037251852,0,0.027814519,0,0.031727962,0,0.99986887,1,0.029523972,0,0.039017204,0,0.01946303,0,0.020481976,0,0.0876588,0,0.021864584,0,0.03505354,0,0.016014181,0,0.03656762,0,0.053002708,0,0.018376939,0,0.044313055,0,0.061973017,0,0.12122678,0
c130,,0,0.9999545812606812,1,0.9996057152748108,1,0.035106357,0,0.005925786,0,0.9999546,1,0.038265806,0,0.042048432,0,0.022534478,0,0.032109603,0,0.99989116,1,0.017971335,0,0.075167865,0,0.05937531,0,0.035178687,0,0.040889442,0,0.026305335,0,0.025161538,0,0.039719503,0,0.04195357,0,0.055546045,0,0.018773263,0,0.049376186,0,0.030241368,0,0.065186985,0
c131,,0,0.9999545812606812,1,0.9998301267623901,1,0.04335234,0,0.018604642,0,0.9999546,1,0.030543221,0,0.017984904,0,0.014952815,0,0.015652265,0,0.99977416,1,0.0111611085,0,0.014124465,0,0.023999507,0,0.012029421,0,0.04255315,0,0.020664461,0,0.024042413,0,0.01927373,0,0.05565043,0,0.05083434,0,0.018099392,0,0.027442545,0,0.045845523,0,0.03564,0
c132,,0,0.9999545812606812,1,0.03979093208909035,0,0.047437564,0,0.00746136,0,0.9999546,1,0.02932327,0,0.063063085,0,0.019323317,0,0.05663973,0,0.9999443,1,0.032936946,0,0.031377748,0,0.052279178,0,0.035801858,0,0.06101611,0,0.01904134,0,0.036592063,0,0.02578903,0,0.031864885,0,0.049509503,0,0.03289699,0,0.046867818,0,0.047175188,0,0.023300506,0
c133,,0,0.9999545812606812,1,0.041607070714235306,0,0.05136643,0,0.00806465,0,0.9999546,1,0.033613566,0,0.04297787,0,0.028125871,0,0.05074194,0,0.9999006,1,0.027663369,0,0.043044705,0,0.029643223,0,0.04737916,0,0.0712704,0,0.029796707,0,0.01198261,0,0.023946755,0,0.024809273,0,0.033377815,0,0.02492092,0,0.031882506,0,0.04977973,0,0.036321286,0
c134,,0,0.9999545812606812,1,0.9998792409896851,1,0.040057782,0,0.0062524723,0,0.9999546,1,0.04209933,0,0.049989525,0,0.026645439,0,0.03152965,0,0.99993086,1,0.04276676,0,0.043349788,0,0.050191432,0,0.027256494,0,0.05747735,0,0.041221425,0,0.016242405,0,0.03468896,0,0.027275005,0,0.042535007,0,0.017304767,0,0.029457185,0,0.03505629,0,0.03156907,0
